episode,total_reward,normalised_reward,steps,mean_loss,completed_requests,picked_up_requests,avg_wait_until_pickup,avg_excess_ride_time,epsilon,lr
1,49.149749233795916,0.24574874616897957,200,,200,200,212.5,280.04111614472305,0.1,0.0001
2,54.81047543901826,0.2740523771950913,200,,200,200,271.2,309.44034953738395,0.1,0.0001
3,13.991664230457292,0.06995832115228647,200,,200,200,261.95,371.0415266889756,0.1,0.0001
