episode,total_reward,normalised_reward,steps,mean_loss,completed_requests,picked_up_requests,avg_wait_until_pickup,avg_excess_ride_time,epsilon,lr
1,79.57790161692111,0.39788950808460555,200,,200,200,224.75,288.5971212106192,0.1,0.0001
2,25.57948569274626,0.1278974284637313,200,,200,200,327.5,414.4892887275148,0.1,0.0001
3,49.879776118637174,0.24939888059318588,200,,200,200,242.15,353.8059379051488,0.1,0.0001
