episode,total_reward,steps,mean_loss,completed_requests,picked_up_requests,avg_wait_until_pickup,avg_excess_ride_time,epsilon,eval_completed_requests,eval_picked_up_requests,eval_avg_wait_until_pickup,eval_avg_excess_ride_time,eval_eval_total_reward,eval_eval_steps
1,-568.7871859164176,200,0.0,200,200,221.45,205.85371105239392,0.2,,,,,,
2,-460.4775213703949,200,0.0,200,200,224.3,177.16469356777066,0.19564102564102565,,,,,,
3,-467.9297159721905,200,1.903587255147424,200,200,203.35,178.63745971277706,0.19128205128205128,,,,,,
4,-1103.6239484977052,200,2.00414979159832,200,200,198.55,356.62258047432374,0.18692307692307694,,,,,,
5,-1593.2387239194188,200,2.8259031128883363,200,200,213.8,487.4530873697025,0.18256410256410258,200.0,200.0,207.9,490.61532743006154,-1616.2667199107411,200.0
6,-1960.155931522312,200,3.5929514491558074,200,200,250.25,582.5279823170836,0.1782051282051282,,,,,,
7,-2524.370690432853,200,4.501789646148682,200,200,267.85,723.144875848961,0.17384615384615384,,,,,,
8,-2777.6293025558834,200,5.64985203742981,200,200,475.7,785.9905940631297,0.16948717948717948,,,,,,
9,-3197.430482745352,200,6.542709354162216,200,200,859.75,888.4532530645688,0.16512820512820514,,,,,,
