episode,total_reward,normalised_reward,steps,mean_loss,completed_requests,picked_up_requests,avg_wait_until_pickup,avg_excess_ride_time,epsilon,lr
1,-13.174301688736024,-0.06587150844368012,200,,200,200,282.7,478.76118067231727,0.15,0.0001
2,-12.688829548291046,-0.06344414774145524,200,,200,200,261.75,416.8078587244978,0.15,0.0001
